{"cameraMode":{"drawMode":0,"name":"Shaded","section":"Shading Mode"},"sceneLighting":false,"audioPlay":false,"sceneViewState":{"m_AlwaysRefresh":false,"showFog":true,"showSkybox":false,"showFlares":true,"showImageEffects":true,"showParticleSystems":true,"showVisualEffectGraphs":true,"m_FxEnabled":true},"in2DMode":false,"pivot":{"x":1102.3057861328125,"y":532.8883666992188,"z":23.377731323242189},"rotation":{"x":0.10927926003932953,"y":0.005964286625385284,"z":-0.0006553013809025288,"w":0.9939911365509033},"size":86.7009506225586,"orthographic":false}