{"cameraMode":{"drawMode":0,"name":"Shaded","section":"Shading Mode"},"sceneLighting":true,"audioPlay":false,"sceneViewState":{"m_AlwaysRefresh":false,"showFog":true,"showSkybox":true,"showFlares":true,"showImageEffects":true,"showParticleSystems":true,"showVisualEffectGraphs":true,"m_FxEnabled":true},"in2DMode":false,"pivot":{"x":3.4817216396331789,"y":18.678831100463868,"z":-12.041297912597657},"rotation":{"x":-0.33837437629699709,"y":0.05462360382080078,"z":-0.01968163624405861,"w":-0.9391773343086243},"size":5.224386692047119,"orthographic":false}