{"cameraMode":{"drawMode":0,"name":"Shaded","section":"Shading Mode"},"sceneLighting":true,"audioPlay":false,"sceneViewState":{"m_AlwaysRefresh":false,"showFog":true,"showSkybox":true,"showFlares":true,"showImageEffects":true,"showParticleSystems":true,"showVisualEffectGraphs":true,"m_FxEnabled":true},"in2DMode":false,"pivot":{"x":0.1609465479850769,"y":18.271072387695314,"z":1.1648176908493043},"rotation":{"x":0.4455055594444275,"y":0.10167323797941208,"z":-0.05101018771529198,"w":0.8880067467689514},"size":5.423159599304199,"orthographic":false}