{"cameraMode":{"drawMode":0,"name":"Shaded","section":"Shading Mode"},"sceneLighting":true,"audioPlay":false,"sceneViewState":{"m_AlwaysRefresh":false,"showFog":true,"showSkybox":true,"showFlares":true,"showImageEffects":true,"showParticleSystems":true,"showVisualEffectGraphs":true,"m_FxEnabled":true},"in2DMode":false,"pivot":{"x":-28.942747116088868,"y":229.3603057861328,"z":-291.00860595703127},"rotation":{"x":0.11254581809043884,"y":-0.39514172077178957,"z":0.04884897917509079,"w":0.9103876948356628},"size":165.80148315429688,"orthographic":false}