{"cameraMode":{"drawMode":0,"name":"Shaded","section":"Shading Mode"},"sceneLighting":false,"audioPlay":false,"sceneViewState":{"m_AlwaysRefresh":false,"showFog":true,"showSkybox":false,"showFlares":true,"showImageEffects":true,"showParticleSystems":true,"showVisualEffectGraphs":true,"m_FxEnabled":true},"in2DMode":false,"pivot":{"x":2.4482052326202394,"y":3.8764827251434328,"z":0.6690297722816467},"rotation":{"x":0.1278228461742401,"y":-0.7538799047470093,"z":0.15399877727031709,"w":0.6257584095001221},"size":2.7973997592926027,"orthographic":false}